,自転車活用推進本部令,平成二十九年政令第百四十二号,第一条
,自転車活用推進本部令,平成二十九年政令第百四十二号,第四条
,自転車活用推進法,平成二十八年法律第百十三号,第一条
,自転車活用推進法,平成二十八年法律第百十三号,第二条
,自転車活用推進法,平成二十八年法律第百十三号,第三条
,自転車活用推進法,平成二十八年法律第百十三号,第四条
,自転車活用推進法,平成二十八年法律第百十三号,第五条
,自転車活用推進法,平成二十八年法律第百十三号,第六条
,自転車活用推進法,平成二十八年法律第百十三号,第八条
,自転車活用推進法,平成二十八年法律第百十三号,第九条
,自転車活用推進法,平成二十八年法律第百十三号,第十条
,自転車活用推進法,平成二十八年法律第百十三号,第十一条
,自転車活用推進法,平成二十八年法律第百十三号,第十二条
,自転車活用推進法,平成二十八年法律第百十三号,第十三条
,自転車活用推進法,平成二十八年法律第百十三号,第十四条
,自転車活用推進法,平成二十八年法律第百十三号,第十五条
,建築物のエネルギー消費性能の向上に関する法律施行令,平成二十八年政令第八号,第三条
,建築物のエネルギー消費性能の向上に関する法律施行令,平成二十八年政令第八号,第七条
,建築物エネルギー消費性能基準等を定める省令,平成二十八年経済産業省・国土交通省令第一号,第十条
,国家戦略特別区域法施行令,平成二十六年政令第九十九号,第十九条
,国家戦略特別区域法施行令,平成二十六年政令第九十九号,第二十条
,自動車の運転により人を死傷させる行為等の処罰に関する法律,平成二十五年法律第八十六号,第一条
,交通政策基本法,平成二十五年法律第九十二号,第五条
,交通政策基本法,平成二十五年法律第九十二号,第二十四条
,海賊多発海域における日本船舶の警備に関する特別措置法施行令,平成二十五年政令第三百二十六号,第五条
,首都直下地震対策特別措置法施行令,平成二十五年政令第三百六十二号,第四条
,都市の低炭素化の促進に関する法律,平成二十四年法律第八十四号,第七条
,東日本大震災に対処するための特別の財政援助及び助成に関する法律の国土交通省関係規定の施行等に関する政令,平成二十三年政令第百三十四号,第一条
,インターネット異性紹介事業を利用して児童を誘引する行為の規制等に関する法律施行令,平成二十年政令第三百四十六号,第一条
,遺失物法施行令,平成十九年政令第二十一号,第三条
,地理空間情報活用推進基本法第二条第三項の基盤地図情報に係る項目及び基盤地図情報が満たすべき基準に関する省令,平成十九年国土交通省令第七十八号,第一条
,遺失物法,平成十八年法律第七十三号,第九条
,高齢者、障害者等の移動等の円滑化の促進に関する法律,平成十八年法律第九十一号,第三条
,高齢者、障害者等の移動等の円滑化の促進に関する法律,平成十八年法律第九十一号,第二十五条
,高齢者、障害者等の移動等の円滑化の促進に係る信号機等に関する基準を定める規則,平成十八年国家公安委員会規則第二十八号,第一条
,移動等円滑化のために必要な道路の構造に関する基準を定める省令,平成十八年国土交通省令第百十六号,第二条
,移動等円滑化のために必要な道路の構造に関する基準を定める省令,平成十八年国土交通省令第百十六号,第三条
,移動等円滑化のために必要な道路の構造に関する基準を定める省令,平成十八年国土交通省令第百十六号,第四条
,移動等円滑化のために必要な道路の構造に関する基準を定める省令,平成十八年国土交通省令第百十六号,第七条
,会社法の施行に伴う関係法律の整備等に関する法律　抄,平成十七年法律第八十七号,第三百九十五条
,郵政民営化法,平成十七年法律第九十七号,第三十一条
,郵政民営化法,平成十七年法律第九十七号,第八十三条
,有限責任事業組合契約に関する法律施行令,平成十七年政令第二百六十九号,第二条
,高速道路株式会社法施行規則,平成十七年国土交通省令第六十三号,第一条
,都市鉄道等利便増進法施行規則,平成十七年国土交通省令第八十二号,第二条
,都市鉄道等利便増進法施行規則,平成十七年国土交通省令第八十二号,第三条
,都市鉄道等利便増進法施行規則,平成十七年国土交通省令第八十二号,第五条
,特定都市河川浸水被害対策法施行令,平成十六年政令第百六十八号,第二条
,確認事務の委託の手続等に関する規則,平成十六年国家公安委員会規則第二十三号,第三条
,構造改革特別区域法施行令,平成十五年政令第七十八号,第五条
,経済産業省関係構造改革特別区域法第二条第三項に規定する省令の特例に関する措置及びその適用を受ける特定事業を定める省令,平成十五年経済産業省令第三十九号,第十六条
,都市再生特別措置法,平成十四年法律第二十二号,第四十六条
,都市再生特別措置法施行令,平成十四年政令第百九十号,第十六条
,都市再生特別措置法施行令,平成十四年政令第百九十号,第十七条
,都市再生特別措置法施行令,平成十四年政令第百九十号,第二十一条
,都市再生特別措置法施行令,平成十四年政令第百九十号,第二十二条
,国家公安委員会関係自動車運転代行業の業務の適正化に関する法律施行規則,平成十四年国家公安委員会規則第十一号,第一条
,対象火気設備等の位置、構造及び管理並びに対象火気器具等の取扱いに関する条例の制定に関する基準を定める省令,平成十四年総務省令第二十四号,第三条
,自転車競技法施行規則,平成十四年経済産業省令第九十七号,第一条
,自転車競技法施行規則,平成十四年経済産業省令第九十七号,第四条
,自転車競技法施行規則,平成十四年経済産業省令第九十七号,第七条
,自転車競技法施行規則,平成十四年経済産業省令第九十七号,第三十八条
,自転車競技法施行規則,平成十四年経済産業省令第九十七号,第四十条
,自転車競技法施行規則,平成十四年経済産業省令第九十七号,第四十八条
,自転車競技法施行規則,平成十四年経済産業省令第九十七号,第五十条
,小型自動車競走法施行規則,平成十四年経済産業省令第九十八号,第六条
,密閉形蓄電池の製造等の事業を行う者及び密閉形蓄電池使用製品の製造等の事業を行う者の使用済密閉形蓄電池の自主回収及び再資源化に関する判断の基準となるべき事項を定める省令,平成十三年厚生労働省・経済産業省・環境省令第一号,第一条
,自動車の製造又は修理の事業を行う者の再生資源又は再生部品の利用の促進に関する判断の基準となるべき事項を定める省令,平成十三年経済産業省・国土交通省令第一号,第一条
,国土交通省組織規則,平成十三年国土交通省令第一号,第七十二条の二
,経済産業省組織規則,平成十三年経済産業省令第一号,第二百三十一条
,自動車の製造又は修理の事業を行う者の使用済物品等の発生の抑制に関する判断の基準となるべき事項を定める省令,平成十三年経済産業省・国土交通省令第四号,第一条
,沖縄総合事務局組織規則,平成十三年内閣府令第四号,第五十四条
,自動車製造業に属する事業を行う者の金属くず及び鋳物廃砂の発生抑制等に関する判断の基準となるべき事項を定める省令,平成十三年経済産業省令第五十七号,第一条
,踏切道改良促進法施行規則,平成十三年国土交通省令第八十六号,第一条
,踏切道改良促進法施行規則,平成十三年国土交通省令第八十六号,第二条
,踏切道改良促進法施行規則,平成十三年国土交通省令第八十六号,第三条
,総務省組織令,平成十二年政令第二百四十六号,第八条
,総務省組織令,平成十二年政令第二百四十六号,第五十九条
,経済産業省組織令,平成十二年政令第二百五十四号,第八条
,経済産業省組織令,平成十二年政令第二百五十四号,第七十五条
,国土交通省組織令,平成十二年政令第二百五十五号,第九条
,国土交通省組織令,平成十二年政令第二百五十五号,第百十三条
,運転免許取得者教育の認定に関する規則,平成十二年国家公安委員会規則第四号,第一条
,運転免許取得者教育の認定に関する規則,平成十二年国家公安委員会規則第四号,第二条
,運転免許取得者教育の認定に関する規則,平成十二年国家公安委員会規則第四号,第三条
,運転免許取得者教育の認定に関する規則,平成十二年国家公安委員会規則第四号,第四条
,公共土木施設災害復旧事業費国庫負担法施行規則,平成十二年運輸省・建設省令第十四号,第一条
,総務省設置法,平成十一年法律第九十一号,第四条
,総務省設置法,平成十一年法律第九十一号,第九条
,経済産業省設置法,平成十一年法律第九十九号,第四条
,国土交通省設置法,平成十一年法律第百号,第四条
,国土交通省設置法,平成十一年法律第百号,第二十七条
,国土交通省設置法,平成十一年法律第百号,第二十九条の二
,中心市街地の活性化に関する法律施行令,平成十年政令第二百六十三号,第五条
,中心市街地の活性化に関する法律施行令,平成十年政令第二百六十三号,第十一条
,交通安全活動推進センターに関する規則,平成十年国家公安委員会規則第三号,第六条
,公営住宅等整備基準,平成十年建設省令第八号,第十二条
,建築物の耐震改修の促進に関する法律施行令,平成七年政令第四百二十九号,第六条
,建築物の耐震改修の促進に関する法律施行令,平成七年政令第四百二十九号,第八条
,古物営業法施行規則,平成七年国家公安委員会規則第十号,第二条
,古物営業法施行規則,平成七年国家公安委員会規則第十号,第十四条
,古物営業法施行規則,平成七年国家公安委員会規則第十号,第十六条
,古物営業法施行規則,平成七年国家公安委員会規則第十号,第十八条
,届出自動車教習所が行う教習の課程の指定に関する規則,平成六年国家公安委員会規則第一号,第一条
,運転免許に係る講習等に関する規則,平成六年国家公安委員会規則第四号,第一条
,外国等の行政庁等の免許に係る運転免許証の日本語による翻訳文を作成する能力を有する法人の指定に関する規則,平成六年国家公安委員会規則第五号,第一条
,自転車の防犯登録を行う者の指定に関する規則,平成六年国家公安委員会規則第十二号,第一条
,自転車の防犯登録を行う者の指定に関する規則,平成六年国家公安委員会規則第十二号,第四条
,道路交通法の規定に基づく意見の聴取及び弁明の機会の付与に関する規則,平成六年国家公安委員会規則第二十七号,第二条
,絶滅のおそれのある野生動植物の種の保存に関する法律施行規則,平成五年総理府令第九号,第三十条
,電源装置等の製造の事業を行う者の再生資源の利用の促進に関する判断の基準となるべき事項を定める省令,平成五年通商産業省令第三十四号,第一条
,原動機を用いる歩行補助車等の型式認定の手続等に関する規則,平成四年国家公安委員会規則第十九号,第二条
,振興拠点地域に係る中核的民間施設及び業務核都市に係る中核的民間施設に関する細分を定める省令,平成四年総理府令第五十一号,第一条
,暴力団員による不当な行為の防止等に関する法律施行規則,平成三年国家公安委員会規則第四号,第一条
,暴力団員による不当な行為の防止等に関する法律施行規則,平成三年国家公安委員会規則第四号,第十三条の二
,指定講習機関に関する規則,平成二年国家公安委員会規則第一号,第二条
,指定講習機関に関する規則,平成二年国家公安委員会規則第一号,第七条
,指定講習機関に関する規則,平成二年国家公安委員会規則第一号,第八条
,消費税法施行令,昭和六十三年政令第三百六十号,第七十二条
,風俗営業等の規制及び業務の適正化等に関する法律施行規則,昭和六十年国家公安委員会規則第一号,第六条
,風俗営業等の規制及び業務の適正化等に関する法律施行令,昭和五十九年政令第三百十九号,第十七条
,交通安全対策特別交付金等に関する政令,昭和五十八年政令第百四号,第一条
,警備業の要件に関する規則,昭和五十八年国家公安委員会規則第一号,第二条
,自転車の安全利用の促進及び自転車等の駐車対策の総合的推進に関する法律,昭和五十五年法律第八十七号,第一条
,自転車の安全利用の促進及び自転車等の駐車対策の総合的推進に関する法律,昭和五十五年法律第八十七号,第二条
,自転車の安全利用の促進及び自転車等の駐車対策の総合的推進に関する法律,昭和五十五年法律第八十七号,第三条
,自転車の安全利用の促進及び自転車等の駐車対策の総合的推進に関する法律,昭和五十五年法律第八十七号,第四条
,自転車の安全利用の促進及び自転車等の駐車対策の総合的推進に関する法律,昭和五十五年法律第八十七号,第五条
,自転車の安全利用の促進及び自転車等の駐車対策の総合的推進に関する法律,昭和五十五年法律第八十七号,第六条
,自転車の安全利用の促進及び自転車等の駐車対策の総合的推進に関する法律,昭和五十五年法律第八十七号,第七条
,自転車の安全利用の促進及び自転車等の駐車対策の総合的推進に関する法律,昭和五十五年法律第八十七号,第八条
,自転車の安全利用の促進及び自転車等の駐車対策の総合的推進に関する法律,昭和五十五年法律第八十七号,第九条
,自転車の安全利用の促進及び自転車等の駐車対策の総合的推進に関する法律,昭和五十五年法律第八十七号,第十条
,自転車の安全利用の促進及び自転車等の駐車対策の総合的推進に関する法律,昭和五十五年法律第八十七号,第十一条
,自転車の安全利用の促進及び自転車等の駐車対策の総合的推進に関する法律,昭和五十五年法律第八十七号,第十二条
,自転車の安全利用の促進及び自転車等の駐車対策の総合的推進に関する法律,昭和五十五年法律第八十七号,第十三条
,自転車の安全利用の促進及び自転車等の駐車対策の総合的推進に関する法律,昭和五十五年法律第八十七号,第十四条
,自転車の安全利用の促進及び自転車等の駐車対策の総合的推進に関する法律,昭和五十五年法律第八十七号,第十五条
,活動火山対策特別措置法施行令,昭和五十三年政令第二百七十四号,第一条
,振動規制法,昭和五十一年法律第六十四号,第二条
,自動車安全運転センター法,昭和五十年法律第五十七号,第二条
,新都市基盤整備法施行規則,昭和五十年建設省令第四号,第二十一条
,自然環境保全法施行規則,昭和四十八年総理府令第六十二号,第二十九条
,沖縄の復帰に伴う警察庁関係法令の適用の特別措置等に関する政令,昭和四十七年政令第九十九号,第三十八条
,沖縄の復帰に伴う警察庁関係法令の適用の特別措置等に関する政令,昭和四十七年政令第九十九号,第四十一条
,沖縄の復帰に伴う通商産業省関係法令の適用の特別措置等に関する政令,昭和四十七年政令第百十号,第四十四条
,沖縄の復帰に伴う通商産業省関係法令の適用の特別措置等に関する政令,昭和四十七年政令第百十号,第四十五条
,沖縄の復帰に伴う運輸省関係法令の適用の特別措置等に関する政令,昭和四十七年政令第百十二号,第二十三条
,沖縄の復帰に伴う運輸省令の適用の特別措置等に関する省令,昭和四十七年運輸省令第三十号,第三十三条
,自動車重量税法,昭和四十六年法律第八十九号,第二条
,沖縄の復帰に伴う特別措置に関する法律,昭和四十六年法律第百二十九号,第百五十五条
,海洋汚染等及び海上災害の防止に関する法律施行令,昭和四十六年政令第二百一号,第五条
,廃棄物の処理及び清掃に関する法律施行令,昭和四十六年政令第三百号,第六条
,自転車道の整備等に関する法律,昭和四十五年法律第十六号,第一条
,自転車道の整備等に関する法律,昭和四十五年法律第十六号,第二条
,自転車道の整備等に関する法律,昭和四十五年法律第十六号,第三条
,自転車道の整備等に関する法律,昭和四十五年法律第十六号,第四条
,自転車道の整備等に関する法律,昭和四十五年法律第十六号,第五条
,自転車道の整備等に関する法律,昭和四十五年法律第十六号,第六条
,自転車道の整備等に関する法律,昭和四十五年法律第十六号,第七条
,道路構造令,昭和四十五年政令第三百二十号,第二条
,道路構造令,昭和四十五年政令第三百二十号,第三条
,道路構造令,昭和四十五年政令第三百二十号,第八条
,道路構造令,昭和四十五年政令第三百二十号,第十条
,道路構造令,昭和四十五年政令第三百二十号,第十条の二
,道路構造令,昭和四十五年政令第三百二十号,第十一条
,道路構造令,昭和四十五年政令第三百二十号,第十一条の二
,道路構造令,昭和四十五年政令第三百二十号,第十一条の三
,道路構造令,昭和四十五年政令第三百二十号,第十二条
,道路構造令,昭和四十五年政令第三百二十号,第十六条
,道路構造令,昭和四十五年政令第三百二十号,第二十三条
,道路構造令,昭和四十五年政令第三百二十号,第二十四条
,道路構造令,昭和四十五年政令第三百二十号,第三十一条の二
,道路構造令,昭和四十五年政令第三百二十号,第三十一条の三
,道路構造令,昭和四十五年政令第三百二十号,第三十二条
,道路構造令,昭和四十五年政令第三百二十号,第三十九条
,地域警察運営規則,昭和四十四年国家公安委員会規則第五号,第十九条
,大気汚染防止法,昭和四十三年法律第九十七号,第二条
,騒音規制法,昭和四十三年法律第九十八号,第二条
,大気汚染防止法第二条第十四項の自動車及び原動機付自転車を定める省令,昭和四十三年運輸省令第五十八号,第二条
,流通業務市街地の整備に関する法律施行令,昭和四十二年政令第三号,第三条
,交通安全施設等整備事業の推進に関する法律,昭和四十一年法律第四十五号,第二条
,交通安全施設等整備事業の推進に関する法律施行令,昭和四十一年政令第百三号,第一条
,交通安全施設等整備事業の推進に関する法律施行規則,昭和四十一年総理府・建設省令第一号,第一条
,所得税法施行令,昭和四十年政令第九十六号,第三百二十条
,自家用自動車の一時輸入に関する通関条約の実施に伴う関税法等の特例に関する法律,昭和三十九年法律第百一号,第二条
,道路交通に関する条約の実施に伴う道路運送車両法の特例等に関する法律,昭和三十九年法律第百九号,第五条
,道路交通に関する条約の実施に伴う道路運送車両法の特例等に関する法律施行規則,昭和三十九年運輸省令第六十三号,第一条
,道路交通に関する条約の実施に伴う道路運送車両法の特例等に関する法律施行規則,昭和三十九年運輸省令第六十三号,第三条
,道路交通に関する条約の実施に伴う道路運送車両法の特例等に関する法律施行規則,昭和三十九年運輸省令第六十三号,第五条
,道路交通に関する条約の実施に伴う道路運送車両法の特例等に関する法律施行規則,昭和三十九年運輸省令第六十三号,第六条
,地方公務員等共済組合法施行令,昭和三十七年政令第三百五十二号,第四十三条
,普通交付税に関する省令,昭和三十七年自治省令第十七号,第十二条
,普通交付税に関する省令,昭和三十七年自治省令第十七号,第三十三条
,車両制限令,昭和三十六年政令第二百六十五号,第二条
,車両制限令,昭和三十六年政令第二百六十五号,第五条
,車両制限令,昭和三十六年政令第二百六十五号,第九条
,道路交通法,昭和三十五年法律第百五号,第二条
,道路交通法,昭和三十五年法律第百五号,第十条
,道路交通法,昭和三十五年法律第百五号,第十一条
,道路交通法,昭和三十五年法律第百五号,第十六条
,道路交通法,昭和三十五年法律第百五号,第十七条
,道路交通法,昭和三十五年法律第百五号,第十八条
,道路交通法,昭和三十五年法律第百五号,第三十条
,道路交通法,昭和三十五年法律第百五号,第三十四条
,道路交通法,昭和三十五年法律第百五号,第三十五条
,道路交通法,昭和三十五年法律第百五号,第三十八条
,道路交通法,昭和三十五年法律第百五号,第四十四条
,道路交通法,昭和三十五年法律第百五号,第五十条
,道路交通法,昭和三十五年法律第百五号,第五十三条
,道路交通法,昭和三十五年法律第百五号,第五十四条
,道路交通法,昭和三十五年法律第百五号,第六十三条の三
,道路交通法,昭和三十五年法律第百五号,第六十三条の四
,道路交通法,昭和三十五年法律第百五号,第六十三条の五
,道路交通法,昭和三十五年法律第百五号,第六十三条の六
,道路交通法,昭和三十五年法律第百五号,第六十三条の七
,道路交通法,昭和三十五年法律第百五号,第六十三条の八
,道路交通法,昭和三十五年法律第百五号,第六十三条の九
,道路交通法,昭和三十五年法律第百五号,第六十三条の十
,道路交通法,昭和三十五年法律第百五号,第六十三条の十一
,道路交通法,昭和三十五年法律第百五号,第六十四条
,道路交通法,昭和三十五年法律第百五号,第六十八条
,道路交通法,昭和三十五年法律第百五号,第七十一条
,道路交通法,昭和三十五年法律第百五号,第七十一条の二
,道路交通法,昭和三十五年法律第百五号,第七十一条の四
,道路交通法,昭和三十五年法律第百五号,第八十四条
,道路交通法,昭和三十五年法律第百五号,第八十五条
,道路交通法,昭和三十五年法律第百五号,第百八条の二
,道路交通法,昭和三十五年法律第百五号,第百八条の三の四
,道路交通法,昭和三十五年法律第百五号,第百八条の三の五
,道路交通法,昭和三十五年法律第百五号,第百八条の二十六
,道路交通法,昭和三十五年法律第百五号,第百八条の二十九
,道路交通法,昭和三十五年法律第百五号,第百九条
,道路交通法,昭和三十五年法律第百五号,第百十四条の四
,道路交通法,昭和三十五年法律第百五号,第百十七条の二の二
,道路交通法,昭和三十五年法律第百五号,第百十九条
,道路交通法,昭和三十五年法律第百五号,第百二十条
,道路交通法,昭和三十五年法律第百五号,第百二十一条
,道路交通法施行令,昭和三十五年政令第二百七十号,第一条の二
,道路交通法施行令,昭和三十五年政令第二百七十号,第二条
,道路交通法施行令,昭和三十五年政令第二百七十号,第十一条
,道路交通法施行令,昭和三十五年政令第二百七十号,第十二条
,道路交通法施行令,昭和三十五年政令第二百七十号,第十八条
,道路交通法施行令,昭和三十五年政令第二百七十号,第二十条
,道路交通法施行令,昭和三十五年政令第二百七十号,第二十三条
,道路交通法施行令,昭和三十五年政令第二百七十号,第二十六条
,道路交通法施行令,昭和三十五年政令第二百七十号,第二十六条の八
,道路交通法施行令,昭和三十五年政令第二百七十号,第三十三条の二
,道路交通法施行令,昭和三十五年政令第二百七十号,第三十三条の六
,道路交通法施行令,昭和三十五年政令第二百七十号,第三十四条の五
,道路交通法施行令,昭和三十五年政令第二百七十号,第三十九条の二の二
,道路交通法施行令,昭和三十五年政令第二百七十号,第四十一条の三
,道路交通法施行令,昭和三十五年政令第二百七十号,第四十三条
,道路標識、区画線及び道路標示に関する命令,昭和三十五年総理府・建設省令第三号,第四条
,道路交通法施行規則,昭和三十五年総理府令第六十号,第一条の二
,道路交通法施行規則,昭和三十五年総理府令第六十号,第一条の三
,道路交通法施行規則,昭和三十五年総理府令第六十号,第一条の四
,道路交通法施行規則,昭和三十五年総理府令第六十号,第二条の二
,道路交通法施行規則,昭和三十五年総理府令第六十号,第九条の二
,道路交通法施行規則,昭和三十五年総理府令第六十号,第九条の二の二
,道路交通法施行規則,昭和三十五年総理府令第六十号,第九条の三
,道路交通法施行規則,昭和三十五年総理府令第六十号,第九条の四
,道路交通法施行規則,昭和三十五年総理府令第六十号,第九条の四の二
,道路交通法施行規則,昭和三十五年総理府令第六十号,第十八条
,道路交通法施行規則,昭和三十五年総理府令第六十号,第十八条の二
,道路交通法施行規則,昭和三十五年総理府令第六十号,第三十三条
,道路交通法施行規則,昭和三十五年総理府令第六十号,第三十八条
,道路交通法施行規則,昭和三十五年総理府令第六十号,第三十八条の四の四
,道路交通法施行規則,昭和三十五年総理府令第六十号,第三十八条の四の五
,道路交通法施行規則,昭和三十五年総理府令第六十号,第三十九条の三
,道路交通法施行規則,昭和三十五年総理府令第六十号,第三十九条の五
,道路交通法施行規則,昭和三十五年総理府令第六十号,第三十九条の六
,火薬類の運搬に関する内閣府令,昭和三十五年総理府令第六十五号,第一条
,危険物の規制に関する規則,昭和三十四年総理府令第五十五号,第二十八条
,危険物の規制に関する規則,昭和三十四年総理府令第五十五号,第二十八条の二の四
,銃砲刀剣類所持等取締法施行令,昭和三十三年政令第三十三号,第四条
,銃砲刀剣類所持等取締法施行令,昭和三十三年政令第三十三号,第十二条
,国家公務員共済組合法施行令,昭和三十三年政令第二百七号,第四十三条
,人事院規則九―二四（通勤手当）,昭和三十三年人事院規則九―二四,第九条
,租税特別措置法施行令,昭和三十二年政令第四十三号,第四十条の二
,消防団員等公務災害補償等責任共済等に関する法律施行規則,昭和三十二年総理府令第五号,第三条の二
,危険物船舶運送及び貯蔵規則,昭和三十二年運輸省令第三十号,第五条の五
,危険物船舶運送及び貯蔵規則,昭和三十二年運輸省令第三十号,第三十六条
,競輪審判員、選手および自転車登録規則,昭和三十二年通商産業省令第三十九号,第一条
,競輪審判員、選手および自転車登録規則,昭和三十二年通商産業省令第三十九号,第二条
,競輪審判員、選手および自転車登録規則,昭和三十二年通商産業省令第三十九号,第三条
,競輪審判員、選手および自転車登録規則,昭和三十二年通商産業省令第三十九号,第四条
,競輪審判員、選手および自転車登録規則,昭和三十二年通商産業省令第三十九号,第二十二条
,競輪審判員、選手および自転車登録規則,昭和三十二年通商産業省令第三十九号,第二十三条
,競輪審判員、選手および自転車登録規則,昭和三十二年通商産業省令第三十九号,第二十四条
,競輪審判員、選手および自転車登録規則,昭和三十二年通商産業省令第三十九号,第二十五条
,競輪審判員、選手および自転車登録規則,昭和三十二年通商産業省令第三十九号,第二十五条の二
,競輪審判員、選手および自転車登録規則,昭和三十二年通商産業省令第三十九号,第二十六条
,競輪審判員、選手および自転車登録規則,昭和三十二年通商産業省令第三十九号,第二十七条
,競輪審判員、選手および自転車登録規則,昭和三十二年通商産業省令第三十九号,第二十八条
,自然公園法施行規則,昭和三十二年厚生省令第四十一号,第十一条
,都市公園法,昭和三十一年法律第七十九号,第五条の二
,消防団員等公務災害補償等責任共済等に関する法律,昭和三十一年法律第百七号,第十三条
,倉庫業法施行令,昭和三十一年政令第百九十七号,第一条
,都市公園法施行令,昭和三十一年政令第二百九十号,第十二条
,都市公園法施行令,昭和三十一年政令第二百九十号,第十六条
,道路整備特別措置法施行令,昭和三十一年政令第三百十九号,第九条
,自動車損害賠償保障法,昭和三十年法律第九十七号,第二条
,自動車損害賠償保障法,昭和三十年法律第九十七号,第九条の二
,自動車損害賠償保障法,昭和三十年法律第九十七号,第九条の三
,自動車損害賠償保障法,昭和三十年法律第九十七号,第九条の五
,自動車損害賠償保障法,昭和三十年法律第九十七号,第十条の二
,自動車損害賠償保障法施行令,昭和三十年政令第二百八十六号,第一条の三
,自動車損害賠償保障法施行令,昭和三十年政令第二百八十六号,第九条
,自動車損害賠償保障法施行規則,昭和三十年運輸省令第六十六号,第一条の五
,自動車損害賠償保障法施行規則,昭和三十年運輸省令第六十六号,第五条の二
,自動車損害賠償保障法施行規則,昭和三十年運輸省令第六十六号,第七条
,日本国における国際連合の軍隊の地位に関する協定の実施に伴う地方税法の臨時特例に関する法律,昭和二十九年法律第百八十八号,第三条
,地方税法施行規則,昭和二十九年総理府令第二十三号,第十五条の八
,地方税法施行規則,昭和二十九年総理府令第二十三号,第十六条
,競馬法施行規則,昭和二十九年農林省令第五十五号,第三条
,競馬法施行規則,昭和二十九年農林省令第五十五号,第十五条
,競馬法施行規則,昭和二十九年農林省令第五十五号,第二十二条
,競馬法施行規則,昭和二十九年農林省令第五十五号,第三十条
,国家公務員退職手当法施行令,昭和二十八年政令第二百十五号,第九条の四
,商業動態統計調査規則,昭和二十八年通商産業省令第十七号,第四条
,道路法,昭和二十七年法律第百八十号,第二条
,道路法,昭和二十七年法律第百八十号,第二十四条の二
,道路法,昭和二十七年法律第百八十号,第二十四条の三
,道路法,昭和二十七年法律第百八十号,第四十七条の六
,道路法,昭和二十七年法律第百八十号,第四十八条の十三
,道路法,昭和二十七年法律第百八十号,第四十八条の十四
,道路法,昭和二十七年法律第百八十号,第四十八条の十五
,日本国とアメリカ合衆国との間の相互協力及び安全保障条約第六条に基づく施設及び区域並びに日本国における合衆国軍隊の地位に関する協定の実施に伴う関税法等の臨時特例に関する法律,昭和二十七年法律第百十二号,第六条
,道路法施行令,昭和二十七年政令第四百七十九号,第一条の五
,道路法施行令,昭和二十七年政令第四百七十九号,第一条の七
,道路法施行令,昭和二十七年政令第四百七十九号,第三条の二
,道路法施行令,昭和二十七年政令第四百七十九号,第三条の三
,道路法施行令,昭和二十七年政令第四百七十九号,第四条の二
,道路法施行令,昭和二十七年政令第四百七十九号,第七条
,道路法施行令,昭和二十七年政令第四百七十九号,第十条
,道路法施行令,昭和二十七年政令第四百七十九号,第十一条の六
,道路法施行令,昭和二十七年政令第四百七十九号,第十一条の九
,道路法施行令,昭和二十七年政令第四百七十九号,第十一条の十
,道路法施行令,昭和二十七年政令第四百七十九号,第十七条
,道路法施行令,昭和二十七年政令第四百七十九号,第三十五条の三
,道路法施行令,昭和二十七年政令第四百七十九号,第三十五条の四
,道路法施行令,昭和二十七年政令第四百七十九号,第三十九条
,道路法施行規則,昭和二十七年建設省令第二十五号,第三条の二
,道路法施行規則,昭和二十七年建設省令第二十五号,第四条の四の三
,道路法施行規則,昭和二十七年建設省令第二十五号,第四条の十の三
,道路法施行規則,昭和二十七年建設省令第二十五号,第四条の十四
,道路法施行規則,昭和二十七年建設省令第二十五号,第四条の十五
,道路法施行規則,昭和二十七年建設省令第二十五号,第四条の二十
,道路運送車両法,昭和二十六年法律第百八十五号,第二条
,道路運送車両法,昭和二十六年法律第百八十五号,第四十四条
,道路運送車両法施行法　抄,昭和二十六年法律第百八十六号,第三条
,道路運送車両法施行法　抄,昭和二十六年法律第百八十六号,第六条
,道路運送車両法施行法　抄,昭和二十六年法律第百八十六号,第八条
,道路運送車両法施行法　抄,昭和二十六年法律第百八十六号,第十三条
,道路運送車両法施行法　抄,昭和二十六年法律第百八十六号,第十四条
,道路運送車両法施行法　抄,昭和二十六年法律第百八十六号,第十六条
,道路運送車両法施行法　抄,昭和二十六年法律第百八十六号,第十七条
,道路運送車両法施行令,昭和二十六年政令第二百五十四号,第一条
,モーターボート競走法施行規則,昭和二十六年運輸省令第五十九号,第二条
,道路運送車両の保安基準,昭和二十六年運輸省令第六十七号,第一条
,道路運送車両の保安基準,昭和二十六年運輸省令第六十七号,第一条の二
,道路運送車両の保安基準,昭和二十六年運輸省令第六十七号,第十八条の二
,道路運送車両の保安基準,昭和二十六年運輸省令第六十七号,第五十九条
,道路運送車両の保安基準,昭和二十六年運輸省令第六十七号,第六十条
,道路運送車両の保安基準,昭和二十六年運輸省令第六十七号,第六十一条
,道路運送車両の保安基準,昭和二十六年運輸省令第六十七号,第六十一条の二
,道路運送車両の保安基準,昭和二十六年運輸省令第六十七号,第六十二条
,道路運送車両の保安基準,昭和二十六年運輸省令第六十七号,第六十二条の二
,道路運送車両の保安基準,昭和二十六年運輸省令第六十七号,第六十二条の三
,道路運送車両の保安基準,昭和二十六年運輸省令第六十七号,第六十二条の四
,道路運送車両の保安基準,昭和二十六年運輸省令第六十七号,第六十三条
,道路運送車両の保安基準,昭和二十六年運輸省令第六十七号,第六十三条の二
,道路運送車両の保安基準,昭和二十六年運輸省令第六十七号,第六十三条の三
,道路運送車両の保安基準,昭和二十六年運輸省令第六十七号,第六十四条
,道路運送車両の保安基準,昭和二十六年運輸省令第六十七号,第六十四条の二
,道路運送車両の保安基準,昭和二十六年運輸省令第六十七号,第六十五条
,道路運送車両の保安基準,昭和二十六年運輸省令第六十七号,第六十五条の二
,道路運送車両の保安基準,昭和二十六年運輸省令第六十七号,第六十六条
,道路運送車両の保安基準,昭和二十六年運輸省令第六十七号,第六十七条
,道路運送車両の保安基準,昭和二十六年運輸省令第六十七号,第六十七条の三
,自動車整備士技能検定規則,昭和二十六年運輸省令第七十一号,第十九条
,道路運送車両法施行規則,昭和二十六年運輸省令第七十四号,第一条
,道路運送車両法施行規則,昭和二十六年運輸省令第七十四号,第五十四条
,道路運送車両法施行規則,昭和二十六年運輸省令第七十四号,第六十二条の二の三十三
,道路運送車両法施行規則,昭和二十六年運輸省令第七十四号,第六十二条の三
,道路運送車両法施行規則,昭和二十六年運輸省令第七十四号,第六十七条
,道路運送車両法施行規則,昭和二十六年運輸省令第七十四号,第七十条
,火薬類取締法,昭和二十五年法律第百四十九号,第四十五条
,地方税法,昭和二十五年法律第二百二十六号,第三百四十一条
,地方税法,昭和二十五年法律第二百二十六号,第四百四十二条
,地方税法,昭和二十五年法律第二百二十六号,第四百四十二条の二
,地方税法,昭和二十五年法律第二百二十六号,第四百四十四条
,地方税法,昭和二十五年法律第二百二十六号,第七百一条の三十四
,建築基準法施行令,昭和二十五年政令第三百三十八号,第二条
,建築基準法施行令,昭和二十五年政令第三百三十八号,第九条
,建築基準法施行令,昭和二十五年政令第三百三十八号,第百三十条の三
,建築基準法施行令,昭和二十五年政令第三百三十八号,第百三十条の五の二
,建築基準法施行規則,昭和二十五年建設省令第四十号,第一条の三
,海上運送法施行規則,昭和二十四年運輸省令第四十九号,第四条の二
,自転車競技法,昭和二十三年法律第二百九号,第一条
,自転車競技法,昭和二十三年法律第二百九号,第三条
,自転車競技法,昭和二十三年法律第二百九号,第六条
,自転車競技法,昭和二十三年法律第二百九号,第二十二条
,自転車競技法,昭和二十三年法律第二百九号,第二十四条
,自転車競技法,昭和二十三年法律第二百九号,第二十九条